km,km_start,km_end,aid_interval,aid_interval_mix,dominant_surface_taxonomy,surface_mix,hard_surface_pct,gravel_or_track_pct,singletrack_or_alpine_pct,unknown_or_inferred_pct,bare_osm_or_inferred_overlay_pct,unknown_pct,ascent_m,descent_m,elevation_metric_basis,p95_abs_grade_pct,raw_max_abs_grade_pct,primary_confidence,direct_visual_evidence_ids,context_visual_evidence_ids,written_source_ids,wet_traction_risk,night_visibility_risk,light_action,wet_fallback_action,shoe_action,pole_action,equipment_implication_confidence,evidence_weakness_score,shoe_note
0,0.0,1.0,RADOVLJICA->TALEŽ,RADOVLJICA->TALEŽ:100%,asphalt road,asphalt road:65%; cobbles/stairs/urban hard surface:18%; unknown / insufficient evidence:17%,82.9,0.0,0.0,17.1,17.1,17.1,8.3,36.2,raw_gpx_edge_sum_not_official_reconciled,18.9,100.0,medium,,,S001;S002,medium,medium-high,main lamp active; spare immediately accessible,normal wet-road caution; keep outsole confidence,"Runnable/hard-surface biased; cushioning useful, but keep wet-rubber outsole.",Stow poles unless immediately climbing.,low-medium,48.6,"Runnable/hard-surface biased; cushioning useful, but keep wet-rubber outsole."
1,1.0,2.0,RADOVLJICA->TALEŽ,RADOVLJICA->TALEŽ:100%,inferred forest singletrack,inferred forest singletrack:47%; rooty forest singletrack:39%; inferred road surface unknown:11%; unknown / insufficient evidence:3%,0.0,0.0,39.3,60.7,60.7,3.2,7.2,27.9,raw_gpx_edge_sum_not_official_reconciled,8.7,16.1,low-medium,,,S001;S002,high,high,main lamp active; spare immediately accessible,slow technical descents and prioritize grip over pace,"Conservative trail shoe; surface is inferred, so do not optimize for speed here.",Optional poles; useful if wet/fatigued.,low-medium,75.3,"Conservative trail shoe; surface is inferred, so do not optimize for speed here."
2,2.0,3.0,RADOVLJICA->TALEŽ,RADOVLJICA->TALEŽ:100%,compacted path,compacted path:64%; muddy/leaf-litter risk:24%; gravel road:8%; smooth forest singletrack:4%,0.0,71.3,28.7,0.0,0.0,0.0,52.5,35.9,raw_gpx_edge_sum_not_official_reconciled,13.9,25.8,medium-high,,,S001;S002,high,high,main lamp active; spare immediately accessible,slow technical descents and prioritize grip over pace,Stable trail shoe for gravel/track camber; avoid tall unstable road-stack feel.,Optional poles; useful if wet/fatigued.,low,35.0,Stable trail shoe for gravel/track camber; avoid tall unstable road-stack feel.
3,3.0,4.0,RADOVLJICA->TALEŽ,RADOVLJICA->TALEŽ:100%,compacted path,compacted path:42%; coarse rocky wash / eroded track:30%; gravel road:28%,0.0,69.7,30.3,0.0,0.0,0.0,65.0,9.0,raw_gpx_edge_sum_not_official_reconciled,19.3,43.5,medium-high,,,S001;S002,high,high,main lamp active; spare immediately accessible,slow technical descents and prioritize grip over pace,Stable trail shoe for gravel/track camber; avoid tall unstable road-stack feel.,Use poles if practiced; high value on steep or technical ground.,low,35.0,Stable trail shoe for gravel/track camber; avoid tall unstable road-stack feel.
4,4.0,5.0,RADOVLJICA->TALEŽ,RADOVLJICA->TALEŽ:100%,gravel road,gravel road:51%; coarse rocky wash / eroded track:49%,0.0,51.4,48.6,0.0,0.0,0.0,19.9,5.0,raw_gpx_edge_sum_not_official_reconciled,8.5,25.7,medium,,,S001;S002,high,high,main lamp active; spare immediately accessible,slow technical descents and prioritize grip over pace,Stable trail shoe for gravel/track camber; avoid tall unstable road-stack feel.,Optional poles; useful if wet/fatigued.,low,40.0,Stable trail shoe for gravel/track camber; avoid tall unstable road-stack feel.
5,5.0,6.0,RADOVLJICA->TALEŽ,RADOVLJICA->TALEŽ:100%,gravel road,gravel road:58%; inferred road surface unknown:26%; forest road / cart track:10%; compacted dirt road:7%,0.0,74.3,0.0,25.7,25.7,0.0,47.4,12.0,raw_gpx_edge_sum_not_official_reconciled,10.1,27.4,medium,,,S001;S002,medium,medium-high,main lamp active; spare immediately accessible,normal wet-road caution; keep outsole confidence,"Conservative trail shoe; surface is inferred, so do not optimize for speed here.",Optional poles; useful if wet/fatigued.,low-medium,52.9,"Conservative trail shoe; surface is inferred, so do not optimize for speed here."
6,6.0,7.0,RADOVLJICA->TALEŽ,RADOVLJICA->TALEŽ:100%,inferred forest singletrack,inferred forest singletrack:43%; inferred road surface unknown:33%; asphalt road:11%; coarse rocky wash / eroded track:11%,10.9,2.1,10.5,76.5,76.5,0.0,17.0,82.9,raw_gpx_edge_sum_not_official_reconciled,20.4,56.3,low-medium,,,S001;S002,high,high,main lamp active; spare immediately accessible,slow technical descents and prioritize grip over pace,"Conservative trail shoe; surface is inferred, so do not optimize for speed here.",Use poles if practiced; high value on steep or technical ground.,low-medium,83.2,"Conservative trail shoe; surface is inferred, so do not optimize for speed here."
7,7.0,8.0,RADOVLJICA->TALEŽ,RADOVLJICA->TALEŽ:100%,inferred road surface unknown,inferred road surface unknown:46%; asphalt road:33%; forest road / cart track:22%,32.8,21.6,0.0,45.6,45.6,0.0,12.8,10.1,raw_gpx_edge_sum_not_official_reconciled,7.2,22.6,low-medium,,,S001;S002,medium,medium-high,main lamp active; spare immediately accessible,normal wet-road caution; keep outsole confidence,"Conservative trail shoe; surface is inferred, so do not optimize for speed here.",Optional poles; useful if wet/fatigued.,low-medium,67.8,"Conservative trail shoe; surface is inferred, so do not optimize for speed here."
8,8.0,9.0,RADOVLJICA->TALEŽ,RADOVLJICA->TALEŽ:100%,forest road / cart track,forest road / cart track:100%,0.0,100.0,0.0,0.0,0.0,0.0,20.0,21.0,raw_gpx_edge_sum_not_official_reconciled,10.1,28.0,medium,,,S001;S002,medium,medium-high,main lamp active; spare immediately accessible,normal wet-road caution; keep outsole confidence,Stable trail shoe for gravel/track camber; avoid tall unstable road-stack feel.,Optional poles; useful if wet/fatigued.,low,40.0,Stable trail shoe for gravel/track camber; avoid tall unstable road-stack feel.
9,9.0,10.0,RADOVLJICA->TALEŽ,RADOVLJICA->TALEŽ:100%,forest road / cart track,forest road / cart track:100%,0.0,100.0,0.0,0.0,0.0,0.0,20.6,27.0,raw_gpx_edge_sum_not_official_reconciled,14.8,23.1,medium,,,S001;S002,medium,medium-high,main lamp active; spare immediately accessible,normal wet-road caution; keep outsole confidence,Stable trail shoe for gravel/track camber; avoid tall unstable road-stack feel.,Optional poles; useful if wet/fatigued.,low,40.0,Stable trail shoe for gravel/track camber; avoid tall unstable road-stack feel.
10,10.0,11.0,RADOVLJICA->TALEŽ,RADOVLJICA->TALEŽ:100%,forest road / cart track,forest road / cart track:100%,0.0,100.0,0.0,0.0,0.0,0.0,111.3,0.0,raw_gpx_edge_sum_not_official_reconciled,23.2,43.5,medium,,,S001;S002,medium,medium-high,main lamp active; spare immediately accessible,normal wet-road caution; keep outsole confidence,Stable trail shoe for gravel/track camber; avoid tall unstable road-stack feel.,Use poles if practiced; high value on steep or technical ground.,low,40.0,Stable trail shoe for gravel/track camber; avoid tall unstable road-stack feel.
11,11.0,12.0,RADOVLJICA->TALEŽ,RADOVLJICA->TALEŽ:81%; TALEŽ->KUPLJENIK:19%,gravel road,gravel road:36%; compacted dirt road:34%; forest road / cart track:19%; rooty forest singletrack:5%,0.0,89.5,10.5,0.0,0.0,0.0,124.8,1.0,raw_gpx_edge_sum_not_official_reconciled,20.8,40.4,medium-high,,,S001;S002,high,high,main lamp active; spare immediately accessible,slow technical descents and prioritize grip over pace,Stable trail shoe for gravel/track camber; avoid tall unstable road-stack feel.,Use poles if practiced; high value on steep or technical ground.,low,35.0,Stable trail shoe for gravel/track camber; avoid tall unstable road-stack feel.
12,12.0,13.0,TALEŽ->KUPLJENIK,TALEŽ->KUPLJENIK:100%,smooth forest singletrack,smooth forest singletrack:56%; rooty forest singletrack:36%; inferred forest singletrack:8%,0.0,0.0,91.6,8.4,8.4,0.0,133.0,0.0,raw_gpx_edge_sum_not_official_reconciled,21.0,42.1,medium-high,,,S001;S002,high,high,main lamp active; spare immediately accessible,slow technical descents and prioritize grip over pace,Trail shoe with versatile lugs; roots/grass/mud risk can dominate pace.,Use poles if practiced; high value on steep or technical ground.,low,39.2,Trail shoe with versatile lugs; roots/grass/mud risk can dominate pace.
13,13.0,14.0,TALEŽ->KUPLJENIK,TALEŽ->KUPLJENIK:100%,rooty forest singletrack,rooty forest singletrack:58%; smooth forest singletrack:42%,0.0,0.0,100.0,0.0,0.0,0.0,114.9,50.0,raw_gpx_edge_sum_not_official_reconciled,24.6,37.3,medium-high,,,S001;S002,high,high,main lamp active; spare immediately accessible,slow technical descents and prioritize grip over pace,Trail shoe with versatile lugs; roots/grass/mud risk can dominate pace.,Use poles if practiced; high value on steep or technical ground.,low,35.0,Trail shoe with versatile lugs; roots/grass/mud risk can dominate pace.
14,14.0,15.0,TALEŽ->KUPLJENIK,TALEŽ->KUPLJENIK:100%,inferred forest singletrack,inferred forest singletrack:61%; unknown / insufficient evidence:23%; rooty forest singletrack:16%,0.0,0.0,15.6,84.4,84.4,23.2,121.4,3.0,raw_gpx_edge_sum_not_official_reconciled,25.0,58.2,low-medium,,,S001;S002,high,high,main lamp active; spare immediately accessible,slow technical descents and prioritize grip over pace,"Conservative trail shoe; surface is inferred, so do not optimize for speed here.",Use poles if practiced; high value on steep or technical ground.,low-medium,87.2,"Conservative trail shoe; surface is inferred, so do not optimize for speed here."
15,15.0,16.0,TALEŽ->KUPLJENIK,TALEŽ->KUPLJENIK:100%,unknown / insufficient evidence,unknown / insufficient evidence:62%; gravel road:38%,0.0,37.6,0.0,62.4,62.4,62.4,49.7,9.2,raw_gpx_edge_sum_not_official_reconciled,13.3,24.4,low-medium,,,S001;S002,medium,medium-high,main lamp active; spare immediately accessible,normal wet-road caution; keep outsole confidence,"Conservative trail shoe; surface is inferred, so do not optimize for speed here.",Optional poles; useful if wet/fatigued.,low-medium,76.2,"Conservative trail shoe; surface is inferred, so do not optimize for speed here."
16,16.0,17.0,TALEŽ->KUPLJENIK,TALEŽ->KUPLJENIK:100%,gravel road,gravel road:100%,0.0,100.0,0.0,0.0,0.0,0.0,21.8,14.1,raw_gpx_edge_sum_not_official_reconciled,12.8,19.1,medium-high,,,S001;S002,medium,medium-high,main lamp active; spare immediately accessible,normal wet-road caution; keep outsole confidence,Stable trail shoe for gravel/track camber; avoid tall unstable road-stack feel.,Optional poles; useful if wet/fatigued.,low,35.0,Stable trail shoe for gravel/track camber; avoid tall unstable road-stack feel.
17,17.0,18.0,TALEŽ->KUPLJENIK,TALEŽ->KUPLJENIK:100%,muddy/leaf-litter risk,muddy/leaf-litter risk:97%; gravel road:3%,0.0,3.3,96.7,0.0,0.0,0.0,45.0,72.2,raw_gpx_edge_sum_not_official_reconciled,28.1,72.5,medium-high,,,S001;S002,high,high,main lamp active; spare immediately accessible,slow technical descents and prioritize grip over pace,Trail shoe with versatile lugs; roots/grass/mud risk can dominate pace.,Use poles if practiced; high value on steep or technical ground.,low,35.0,Trail shoe with versatile lugs; roots/grass/mud risk can dominate pace.
18,18.0,19.0,TALEŽ->KUPLJENIK,TALEŽ->KUPLJENIK:100%,muddy/leaf-litter risk,muddy/leaf-litter risk:51%; gravel road:38%; inferred forest singletrack:11%,0.0,38.3,50.7,11.0,11.0,0.0,0.0,220.9,raw_gpx_edge_sum_not_official_reconciled,35.6,60.3,medium-high,,,S001;S002,high,high,main lamp active; spare immediately accessible,slow technical descents and prioritize grip over pace,Trail shoe with versatile lugs; roots/grass/mud risk can dominate pace.,Use poles if practiced; high value on steep or technical ground.,low-medium,40.5,Trail shoe with versatile lugs; roots/grass/mud risk can dominate pace.
19,19.0,20.0,TALEŽ->KUPLJENIK,TALEŽ->KUPLJENIK:100%,gravel road,gravel road:100%,0.0,100.0,0.0,0.0,0.0,0.0,0.0,134.0,raw_gpx_edge_sum_not_official_reconciled,25.2,78.8,medium-high,,,S001;S002,medium,medium-high,main lamp active; spare immediately accessible,normal wet-road caution; keep outsole confidence,Stable trail shoe for gravel/track camber; avoid tall unstable road-stack feel.,Use poles if practiced; high value on steep or technical ground.,low,35.0,Stable trail shoe for gravel/track camber; avoid tall unstable road-stack feel.
20,20.0,21.0,TALEŽ->KUPLJENIK,TALEŽ->KUPLJENIK:66%; KUPLJENIK->BOHINJSKA BELA:34%,asphalt road,asphalt road:57%; gravel road:43%,56.8,43.2,0.0,0.0,0.0,0.0,9.8,76.8,raw_gpx_edge_sum_not_official_reconciled,24.8,78.8,medium,,,S001;S002,medium,medium-high,main lamp active; spare immediately accessible,normal wet-road caution; keep outsole confidence,"Runnable/hard-surface biased; cushioning useful, but keep wet-rubber outsole.",Use poles if practiced; high value on steep or technical ground.,low,40.0,"Runnable/hard-surface biased; cushioning useful, but keep wet-rubber outsole."
21,21.0,22.0,KUPLJENIK->BOHINJSKA BELA,KUPLJENIK->BOHINJSKA BELA:100%,asphalt road,asphalt road:70%; forest road / cart track:22%; compacted dirt road:8%,70.2,29.8,0.0,0.0,0.0,0.0,6.2,70.0,raw_gpx_edge_sum_not_official_reconciled,13.6,18.3,medium,,,S001;S002,medium,medium-high,main lamp active; spare immediately accessible,normal wet-road caution; keep outsole confidence,"Runnable/hard-surface biased; cushioning useful, but keep wet-rubber outsole.",Stow poles unless immediately climbing.,low,40.0,"Runnable/hard-surface biased; cushioning useful, but keep wet-rubber outsole."
22,22.0,23.0,KUPLJENIK->BOHINJSKA BELA,KUPLJENIK->BOHINJSKA BELA:100%,forest road / cart track,forest road / cart track:100%,0.0,100.0,0.0,0.0,0.0,0.0,0.0,136.4,raw_gpx_edge_sum_not_official_reconciled,26.8,43.9,medium,,,S001;S002,medium,medium-high,main lamp active; spare immediately accessible,normal wet-road caution; keep outsole confidence,Stable trail shoe for gravel/track camber; avoid tall unstable road-stack feel.,Use poles if practiced; high value on steep or technical ground.,low,40.0,Stable trail shoe for gravel/track camber; avoid tall unstable road-stack feel.
23,23.0,24.0,KUPLJENIK->BOHINJSKA BELA,KUPLJENIK->BOHINJSKA BELA:100%,forest road / cart track,forest road / cart track:50%; asphalt road:37%; compacted dirt road:13%,37.4,62.6,0.0,0.0,0.0,0.0,0.5,24.5,raw_gpx_edge_sum_not_official_reconciled,5.7,16.3,medium,,,S001;S002,medium,medium-high,main lamp active; spare immediately accessible,normal wet-road caution; keep outsole confidence,Stable trail shoe for gravel/track camber; avoid tall unstable road-stack feel.,Optional poles; useful if wet/fatigued.,low,40.0,Stable trail shoe for gravel/track camber; avoid tall unstable road-stack feel.
24,24.0,25.0,KUPLJENIK->BOHINJSKA BELA,KUPLJENIK->BOHINJSKA BELA:100%,compacted dirt road,compacted dirt road:84%; inferred road surface unknown:16%,0.0,83.6,0.0,16.4,16.4,0.0,37.5,11.8,raw_gpx_edge_sum_not_official_reconciled,10.2,35.8,medium-high,,,S001;S002,medium,medium-high,main lamp active; spare immediately accessible,normal wet-road caution; keep outsole confidence,Trail shoe with versatile lugs; roots/grass/mud risk can dominate pace.,Optional poles; useful if wet/fatigued.,low-medium,43.2,Trail shoe with versatile lugs; roots/grass/mud risk can dominate pace.
25,25.0,26.0,KUPLJENIK->BOHINJSKA BELA,KUPLJENIK->BOHINJSKA BELA:100%,asphalt road,asphalt road:66%; paved pedestrian/cycleway:17%; inferred road surface unknown:17%,83.2,0.0,0.0,16.8,16.8,0.0,29.0,16.8,raw_gpx_edge_sum_not_official_reconciled,14.6,30.8,medium-high,,,S001;S002,low-medium,medium-high,main lamp active; spare immediately accessible,normal wet-road caution; keep outsole confidence,"Runnable/hard-surface biased; cushioning useful, but keep wet-rubber outsole.",Stow poles unless immediately climbing.,low-medium,43.4,"Runnable/hard-surface biased; cushioning useful, but keep wet-rubber outsole."
26,26.0,27.0,KUPLJENIK->BOHINJSKA BELA,KUPLJENIK->BOHINJSKA BELA:100%,gravel road,gravel road:89%; asphalt road:7%; paved pedestrian/cycleway:4%,10.6,89.4,0.0,0.0,0.0,0.0,39.2,17.3,raw_gpx_edge_sum_not_official_reconciled,12.5,25.7,medium,,,S001;S002,medium,medium-high,main lamp active; spare immediately accessible,normal wet-road caution; keep outsole confidence,Stable trail shoe for gravel/track camber; avoid tall unstable road-stack feel.,Optional poles; useful if wet/fatigued.,low,40.0,Stable trail shoe for gravel/track camber; avoid tall unstable road-stack feel.
27,27.0,28.0,BOHINJSKA BELA->Bled,BOHINJSKA BELA->Bled:62%; KUPLJENIK->BOHINJSKA BELA:38%,asphalt road,asphalt road:81%; compacted dirt road:16%; gravel road:3%,81.4,18.6,0.0,0.0,0.0,0.0,42.8,7.4,raw_gpx_edge_sum_not_official_reconciled,12.5,34.7,medium,,,S001;S002,medium,medium-high,main lamp active; spare immediately accessible,normal wet-road caution; keep outsole confidence,"Runnable/hard-surface biased; cushioning useful, but keep wet-rubber outsole.",Stow poles unless immediately climbing.,low,40.0,"Runnable/hard-surface biased; cushioning useful, but keep wet-rubber outsole."
28,28.0,29.0,BOHINJSKA BELA->Bled,BOHINJSKA BELA->Bled:100%,unknown / insufficient evidence,unknown / insufficient evidence:79%; asphalt road:21%,21.4,0.0,0.0,78.6,78.6,78.6,83.4,0.6,raw_gpx_edge_sum_not_official_reconciled,17.7,41.9,low-medium,,,S001;S002,low-medium,medium-high,main lamp active; spare immediately accessible,normal wet-road caution; keep outsole confidence,"Conservative trail shoe; surface is inferred, so do not optimize for speed here.",Optional poles; useful if wet/fatigued.,low-medium,84.3,"Conservative trail shoe; surface is inferred, so do not optimize for speed here."
29,29.0,30.0,BOHINJSKA BELA->Bled,BOHINJSKA BELA->Bled:100%,unknown / insufficient evidence,unknown / insufficient evidence:100%,0.0,0.0,0.0,100.0,100.0,100.0,37.6,57.7,raw_gpx_edge_sum_not_official_reconciled,21.0,46.1,low-medium,,,S001;S002,unknown,medium-high,main lamp active; spare immediately accessible,normal wet-road caution; keep outsole confidence,"Conservative trail shoe; surface is inferred, so do not optimize for speed here.",Use poles if practiced; high value on steep or technical ground.,low-medium,95.0,"Conservative trail shoe; surface is inferred, so do not optimize for speed here."
30,30.0,31.0,BOHINJSKA BELA->Bled,BOHINJSKA BELA->Bled:100%,gravel road,gravel road:74%; unknown / insufficient evidence:26%,0.0,73.8,0.0,26.2,26.2,26.2,80.4,24.3,raw_gpx_edge_sum_not_official_reconciled,24.3,34.6,medium-high,,,S001;S002,medium,medium-high,main lamp active; spare immediately accessible,normal wet-road caution; keep outsole confidence,"Conservative trail shoe; surface is inferred, so do not optimize for speed here.",Use poles if practiced; high value on steep or technical ground.,low-medium,48.1,"Conservative trail shoe; surface is inferred, so do not optimize for speed here."
31,31.0,32.0,BOHINJSKA BELA->Bled,BOHINJSKA BELA->Bled:100%,gravel road,gravel road:100%,0.0,100.0,0.0,0.0,0.0,0.0,94.5,0.0,raw_gpx_edge_sum_not_official_reconciled,18.7,38.6,medium-high,,,S001;S002,medium,medium-high,main lamp active; spare immediately accessible,normal wet-road caution; keep outsole confidence,Stable trail shoe for gravel/track camber; avoid tall unstable road-stack feel.,Use poles if practiced; high value on steep or technical ground.,low,35.0,Stable trail shoe for gravel/track camber; avoid tall unstable road-stack feel.
32,32.0,33.0,BOHINJSKA BELA->Bled,BOHINJSKA BELA->Bled:100%,gravel road,gravel road:100%,0.0,100.0,0.0,0.0,0.0,0.0,88.2,4.0,raw_gpx_edge_sum_not_official_reconciled,21.0,62.0,medium-high,,,S001;S002,medium,medium-high,main lamp active; spare immediately accessible,normal wet-road caution; keep outsole confidence,Stable trail shoe for gravel/track camber; avoid tall unstable road-stack feel.,Use poles if practiced; high value on steep or technical ground.,low,35.0,Stable trail shoe for gravel/track camber; avoid tall unstable road-stack feel.
33,33.0,34.0,BOHINJSKA BELA->Bled,BOHINJSKA BELA->Bled:100%,gravel road,gravel road:100%,0.0,100.0,0.0,0.0,0.0,0.0,125.5,2.0,raw_gpx_edge_sum_not_official_reconciled,31.6,62.5,medium-high,,,S001;S002,medium,medium-high,main lamp active; spare immediately accessible,normal wet-road caution; keep outsole confidence,Stable trail shoe for gravel/track camber; avoid tall unstable road-stack feel.,Use poles if practiced; high value on steep or technical ground.,low,35.0,Stable trail shoe for gravel/track camber; avoid tall unstable road-stack feel.
34,34.0,35.0,BOHINJSKA BELA->Bled,BOHINJSKA BELA->Bled:100%,gravel road,gravel road:93%; smooth forest singletrack:4%; rooty forest singletrack:3%,0.0,92.8,7.2,0.0,0.0,0.0,80.0,4.0,raw_gpx_edge_sum_not_official_reconciled,19.9,62.5,medium-high,,,S001;S002,high,high,main lamp active; spare immediately accessible,slow technical descents and prioritize grip over pace,Stable trail shoe for gravel/track camber; avoid tall unstable road-stack feel.,Use poles if practiced; high value on steep or technical ground.,low,35.0,Stable trail shoe for gravel/track camber; avoid tall unstable road-stack feel.
35,35.0,36.0,BOHINJSKA BELA->Bled,BOHINJSKA BELA->Bled:100%,gravel road,gravel road:35%; rooty forest singletrack:33%; smooth forest singletrack:32%,0.0,35.2,64.8,0.0,0.0,0.0,145.1,0.0,raw_gpx_edge_sum_not_official_reconciled,22.0,33.2,medium-high,,,S001;S002,high,high,main lamp active; spare immediately accessible,slow technical descents and prioritize grip over pace,Stable trail shoe for gravel/track camber; avoid tall unstable road-stack feel.,Use poles if practiced; high value on steep or technical ground.,low,35.0,Stable trail shoe for gravel/track camber; avoid tall unstable road-stack feel.
36,36.0,37.0,BOHINJSKA BELA->Bled,BOHINJSKA BELA->Bled:100%,smooth forest singletrack,smooth forest singletrack:32%; gravel road:31%; inferred forest singletrack:25%; rooty forest singletrack:7%,0.0,31.0,44.0,25.0,25.0,0.0,111.7,26.0,raw_gpx_edge_sum_not_official_reconciled,22.8,35.3,medium-high,,,S001;S002,high,high,main lamp active; spare immediately accessible,slow technical descents and prioritize grip over pace,Trail shoe with versatile lugs; roots/grass/mud risk can dominate pace.,Use poles if practiced; high value on steep or technical ground.,low-medium,47.5,Trail shoe with versatile lugs; roots/grass/mud risk can dominate pace.
37,37.0,38.0,BOHINJSKA BELA->Bled,BOHINJSKA BELA->Bled:100%,coarse rocky wash / eroded track,coarse rocky wash / eroded track:79%; compacted dirt road:21%,0.0,20.9,79.1,0.0,0.0,0.0,27.7,49.4,raw_gpx_edge_sum_not_official_reconciled,19.8,34.1,medium-high,,,S001;S002,high,high,main lamp active; spare immediately accessible,slow technical descents and prioritize grip over pace,"Technical-footing choice: grip, toe protection, edging stability, and lockdown.",Use poles if practiced; high value on steep or technical ground.,low,35.0,"Technical-footing choice: grip, toe protection, edging stability, and lockdown."
38,38.0,39.0,BOHINJSKA BELA->Bled,BOHINJSKA BELA->Bled:100%,rooty forest singletrack,rooty forest singletrack:43%; smooth forest singletrack:35%; forest road / cart track:13%; compacted dirt road:9%,0.0,22.7,77.3,0.0,0.0,0.0,7.0,234.0,raw_gpx_edge_sum_not_official_reconciled,31.8,60.5,medium-high,,,S001;S002,high,high,main lamp active; spare immediately accessible,slow technical descents and prioritize grip over pace,Trail shoe with versatile lugs; roots/grass/mud risk can dominate pace.,Use poles if practiced; high value on steep or technical ground.,low,35.0,Trail shoe with versatile lugs; roots/grass/mud risk can dominate pace.
39,39.0,40.0,BOHINJSKA BELA->Bled,BOHINJSKA BELA->Bled:100%,rooty forest singletrack,rooty forest singletrack:47%; forest road / cart track:29%; smooth forest singletrack:24%,0.0,29.3,70.7,0.0,0.0,0.0,64.0,92.9,raw_gpx_edge_sum_not_official_reconciled,20.3,53.1,medium-high,,,S001;S002,high,high,main lamp active; spare immediately accessible,slow technical descents and prioritize grip over pace,Trail shoe with versatile lugs; roots/grass/mud risk can dominate pace.,Use poles if practiced; high value on steep or technical ground.,low,35.0,Trail shoe with versatile lugs; roots/grass/mud risk can dominate pace.
40,40.0,41.0,BOHINJSKA BELA->Bled,BOHINJSKA BELA->Bled:100%,gravel road,gravel road:88%; forest road / cart track:12%,0.0,100.0,0.0,0.0,0.0,0.0,16.0,74.0,raw_gpx_edge_sum_not_official_reconciled,17.3,31.1,medium-high,,,S001;S002,medium,medium-high,main lamp active; spare immediately accessible,normal wet-road caution; keep outsole confidence,Stable trail shoe for gravel/track camber; avoid tall unstable road-stack feel.,Optional poles; useful if wet/fatigued.,low,35.0,Stable trail shoe for gravel/track camber; avoid tall unstable road-stack feel.
41,41.0,42.0,BOHINJSKA BELA->Bled,BOHINJSKA BELA->Bled:100%,gravel road,gravel road:100%,0.0,100.0,0.0,0.0,0.0,0.0,0.0,96.3,raw_gpx_edge_sum_not_official_reconciled,18.2,46.6,medium-high,,,S001;S002,medium,medium-high,main lamp active; spare immediately accessible,normal wet-road caution; keep outsole confidence,Stable trail shoe for gravel/track camber; avoid tall unstable road-stack feel.,Use poles if practiced; high value on steep or technical ground.,low,35.0,Stable trail shoe for gravel/track camber; avoid tall unstable road-stack feel.
42,42.0,43.0,BOHINJSKA BELA->Bled,BOHINJSKA BELA->Bled:100%,gravel road,gravel road:100%,0.0,100.0,0.0,0.0,0.0,0.0,2.0,101.6,raw_gpx_edge_sum_not_official_reconciled,19.0,31.6,medium-high,,,S001;S002,medium,medium-high,main lamp active; spare immediately accessible,normal wet-road caution; keep outsole confidence,Stable trail shoe for gravel/track camber; avoid tall unstable road-stack feel.,Use poles if practiced; high value on steep or technical ground.,low,35.0,Stable trail shoe for gravel/track camber; avoid tall unstable road-stack feel.
43,43.0,44.0,BOHINJSKA BELA->Bled,BOHINJSKA BELA->Bled:100%,forest road / cart track,forest road / cart track:66%; coarse rocky wash / eroded track:34%; gravel road:1%,0.0,66.1,33.9,0.0,0.0,0.0,9.0,123.9,raw_gpx_edge_sum_not_official_reconciled,23.8,40.7,medium,,,S001;S002,high,high,main lamp active; spare immediately accessible,slow technical descents and prioritize grip over pace,Stable trail shoe for gravel/track camber; avoid tall unstable road-stack feel.,Use poles if practiced; high value on steep or technical ground.,low,40.0,Stable trail shoe for gravel/track camber; avoid tall unstable road-stack feel.
44,44.0,45.0,BOHINJSKA BELA->Bled,BOHINJSKA BELA->Bled:100%,forest road / cart track,forest road / cart track:56%; coarse rocky wash / eroded track:36%; unknown / insufficient evidence:7%,0.0,56.3,36.3,7.4,7.4,7.4,0.1,98.1,raw_gpx_edge_sum_not_official_reconciled,20.7,36.4,medium-high,,V003,S001;S002,high,high,main lamp active; spare immediately accessible,slow technical descents and prioritize grip over pace,Stable trail shoe for gravel/track camber; avoid tall unstable road-stack feel.,Use poles if practiced; high value on steep or technical ground.,low,23.7,Stable trail shoe for gravel/track camber; avoid tall unstable road-stack feel.
45,45.0,46.0,BOHINJSKA BELA->Bled,BOHINJSKA BELA->Bled:100%,forest road / cart track,forest road / cart track:51%; paved pedestrian/cycleway:49%,48.8,51.2,0.0,0.0,0.0,0.0,9.9,15.6,raw_gpx_edge_sum_not_official_reconciled,8.6,19.3,medium-high,,V003,S001;S002,medium,medium-high,main lamp active; spare immediately accessible,normal wet-road caution; keep outsole confidence,Stable trail shoe for gravel/track camber; avoid tall unstable road-stack feel.,Optional poles; useful if wet/fatigued.,low,20.0,Stable trail shoe for gravel/track camber; avoid tall unstable road-stack feel.
46,46.0,47.0,Bled->ŽIROVNICA,Bled->ŽIROVNICA:91%; BOHINJSKA BELA->Bled:9%,paved pedestrian/cycleway,paved pedestrian/cycleway:75%; compacted path:25%,74.9,25.1,0.0,0.0,0.0,0.0,30.8,19.2,raw_gpx_edge_sum_not_official_reconciled,10.5,21.0,medium-high,,V003,S001;S002,low-medium,medium-high,main lamp active; spare immediately accessible,normal wet-road caution; keep outsole confidence,"Runnable/hard-surface biased; cushioning useful, but keep wet-rubber outsole.",Stow poles unless immediately climbing.,low,20.0,"Runnable/hard-surface biased; cushioning useful, but keep wet-rubber outsole."
47,47.0,48.0,Bled->ŽIROVNICA,Bled->ŽIROVNICA:100%,inferred forest singletrack,inferred forest singletrack:42%; rooty forest singletrack:16%; asphalt road:15%; smooth forest singletrack:13%,15.1,13.9,28.6,42.4,42.4,0.0,59.5,47.7,raw_gpx_edge_sum_not_official_reconciled,17.4,42.4,low-medium,,V003,S001;S002,high,high,main lamp active; spare immediately accessible,slow technical descents and prioritize grip over pace,"Conservative trail shoe; surface is inferred, so do not optimize for speed here.",Optional poles; useful if wet/fatigued.,low-medium,51.2,"Conservative trail shoe; surface is inferred, so do not optimize for speed here."
48,48.0,49.0,Bled->ŽIROVNICA,Bled->ŽIROVNICA:100%,inferred road surface unknown,inferred road surface unknown:46%; asphalt road:44%; paved pedestrian/cycleway:10%,54.2,0.0,0.0,45.8,45.8,0.0,17.7,11.0,raw_gpx_edge_sum_not_official_reconciled,7.5,12.1,medium,,V003,S001;S002,low-medium,medium-high,main lamp active; spare immediately accessible,normal wet-road caution; keep outsole confidence,"Conservative trail shoe; surface is inferred, so do not optimize for speed here.",Optional poles; useful if wet/fatigued.,low-medium,47.9,"Conservative trail shoe; surface is inferred, so do not optimize for speed here."
49,49.0,50.0,Bled->ŽIROVNICA,Bled->ŽIROVNICA:100%,gravel road,gravel road:62%; inferred road surface unknown:38%,0.0,61.6,0.0,38.4,38.4,0.0,25.7,3.3,raw_gpx_edge_sum_not_official_reconciled,9.1,19.9,medium-high,,V003,S001;S002,medium,medium-high,main lamp active; spare immediately accessible,normal wet-road caution; keep outsole confidence,"Conservative trail shoe; surface is inferred, so do not optimize for speed here.",Optional poles; useful if wet/fatigued.,low-medium,39.2,"Conservative trail shoe; surface is inferred, so do not optimize for speed here."
50,50.0,51.0,Bled->ŽIROVNICA,Bled->ŽIROVNICA:100%,asphalt road,asphalt road:66%; gravel path:23%; inferred road surface unknown:7%; forest road / cart track:3%,65.6,26.9,0.0,7.5,7.5,0.0,52.3,1.4,raw_gpx_edge_sum_not_official_reconciled,11.4,21.9,medium,,V003,S001;S002,medium,medium-high,main lamp active; spare immediately accessible,normal wet-road caution; keep outsole confidence,"Runnable/hard-surface biased; cushioning useful, but keep wet-rubber outsole.",Stow poles unless immediately climbing.,low,28.7,"Runnable/hard-surface biased; cushioning useful, but keep wet-rubber outsole."
51,51.0,52.0,Bled->ŽIROVNICA,Bled->ŽIROVNICA:100%,forest road / cart track,forest road / cart track:95%; smooth forest singletrack:5%,0.0,94.5,5.5,0.0,0.0,0.0,39.9,17.9,raw_gpx_edge_sum_not_official_reconciled,13.0,25.5,medium-high,,V003,S001;S002,medium,medium-high,main lamp active; spare immediately accessible,normal wet-road caution; keep outsole confidence,Stable trail shoe for gravel/track camber; avoid tall unstable road-stack feel.,Optional poles; useful if wet/fatigued.,low,20.0,Stable trail shoe for gravel/track camber; avoid tall unstable road-stack feel.
52,52.0,53.0,Bled->ŽIROVNICA,Bled->ŽIROVNICA:100%,smooth forest singletrack,smooth forest singletrack:100%,0.0,0.0,100.0,0.0,0.0,0.0,22.5,7.1,raw_gpx_edge_sum_not_official_reconciled,15.6,32.7,medium-high,,V003,S001;S002,unknown,medium-high,main lamp active; spare immediately accessible,normal wet-road caution; keep outsole confidence,Trail shoe with versatile lugs; roots/grass/mud risk can dominate pace.,Optional poles; useful if wet/fatigued.,low,20.0,Trail shoe with versatile lugs; roots/grass/mud risk can dominate pace.
53,53.0,54.0,Bled->ŽIROVNICA,Bled->ŽIROVNICA:100%,smooth forest singletrack,smooth forest singletrack:52%; gravel road:28%; compacted path:9%; gravel path:7%,4.0,43.7,52.3,0.0,0.0,0.0,13.6,53.6,raw_gpx_edge_sum_not_official_reconciled,12.9,44.3,medium-high,,V003,S001;S002,medium,medium-high,main lamp active; spare immediately accessible,normal wet-road caution; keep outsole confidence,Trail shoe with versatile lugs; roots/grass/mud risk can dominate pace.,Optional poles; useful if wet/fatigued.,low,20.0,Trail shoe with versatile lugs; roots/grass/mud risk can dominate pace.
54,54.0,55.0,Bled->ŽIROVNICA,Bled->ŽIROVNICA:100%,gravel road,gravel road:52%; smooth forest singletrack:22%; rooty forest singletrack:14%; cobbles/stairs/urban hard surface:7%,12.8,51.6,35.6,0.0,0.0,0.0,29.1,77.0,raw_gpx_edge_sum_not_official_reconciled,20.3,59.2,medium-high,,V003,S001;S002,high,high,main lamp active; spare immediately accessible,slow technical descents and prioritize grip over pace,Stable trail shoe for gravel/track camber; avoid tall unstable road-stack feel.,Use poles if practiced; high value on steep or technical ground.,low,20.0,Stable trail shoe for gravel/track camber; avoid tall unstable road-stack feel.
55,55.0,56.0,Bled->ŽIROVNICA,Bled->ŽIROVNICA:100%,gravel road,gravel road:73%; asphalt road:27%,27.2,72.8,0.0,0.0,0.0,0.0,29.0,6.0,raw_gpx_edge_sum_not_official_reconciled,9.3,23.8,medium-high,,V003,S001;S002,medium,medium-high,main lamp active; spare immediately accessible,normal wet-road caution; keep outsole confidence,Stable trail shoe for gravel/track camber; avoid tall unstable road-stack feel.,Optional poles; useful if wet/fatigued.,low,20.0,Stable trail shoe for gravel/track camber; avoid tall unstable road-stack feel.
56,56.0,57.0,Bled->ŽIROVNICA,Bled->ŽIROVNICA:100%,gravel road,gravel road:100%,0.0,100.0,0.0,0.0,0.0,0.0,10.9,10.0,raw_gpx_edge_sum_not_official_reconciled,6.0,14.8,medium,,V003,S001;S002,medium,medium,standard carried-light readiness,normal wet-road caution; keep outsole confidence,Stable trail shoe for gravel/track camber; avoid tall unstable road-stack feel.,Optional poles; useful if wet/fatigued.,low,25.0,Stable trail shoe for gravel/track camber; avoid tall unstable road-stack feel.
57,57.0,58.0,Bled->ŽIROVNICA,Bled->ŽIROVNICA:100%,asphalt road,asphalt road:50%; gravel road:32%; forest road / cart track:19%,49.6,50.4,0.0,0.0,0.0,0.0,33.0,61.0,raw_gpx_edge_sum_not_official_reconciled,24.9,46.4,medium,,V003,S001;S002,medium,medium,standard carried-light readiness,normal wet-road caution; keep outsole confidence,"Runnable/hard-surface biased; cushioning useful, but keep wet-rubber outsole.",Use poles if practiced; high value on steep or technical ground.,low,25.0,"Runnable/hard-surface biased; cushioning useful, but keep wet-rubber outsole."
58,58.0,59.0,Bled->ŽIROVNICA,Bled->ŽIROVNICA:100%,asphalt road,asphalt road:84%; inferred road surface unknown:11%; forest road / cart track:5%,84.2,4.9,0.0,10.9,10.9,0.0,22.9,8.5,raw_gpx_edge_sum_not_official_reconciled,7.6,21.2,medium,,V003,S001;S002,medium,medium,standard carried-light readiness,normal wet-road caution; keep outsole confidence,"Runnable/hard-surface biased; cushioning useful, but keep wet-rubber outsole.",Stow poles unless immediately climbing.,low-medium,30.5,"Runnable/hard-surface biased; cushioning useful, but keep wet-rubber outsole."
59,59.0,60.0,Bled->ŽIROVNICA,Bled->ŽIROVNICA:94%; ŽIROVNICA->ZAVRŠNICA:6%,asphalt road,asphalt road:100%,100.0,0.0,0.0,0.0,0.0,0.0,2.1,7.8,raw_gpx_edge_sum_not_official_reconciled,4.7,7.4,medium,,V003,S001;S002,low-medium,medium,standard carried-light readiness,normal wet-road caution; keep outsole confidence,"Runnable/hard-surface biased; cushioning useful, but keep wet-rubber outsole.",Stow poles unless immediately climbing.,low,25.0,"Runnable/hard-surface biased; cushioning useful, but keep wet-rubber outsole."
60,60.0,61.0,ŽIROVNICA->ZAVRŠNICA,ŽIROVNICA->ZAVRŠNICA:100%,asphalt road,asphalt road:51%; inferred forest singletrack:32%; rooty forest singletrack:10%; paved pedestrian/cycleway:8%,58.2,0.0,9.9,31.9,31.9,0.0,129.0,0.7,raw_gpx_edge_sum_not_official_reconciled,24.1,63.1,medium,,V003;V007;V008,S001;S002;S014;S015,high,medium,standard carried-light readiness,slow technical descents and prioritize grip over pace,"Conservative trail shoe; surface is inferred, so do not optimize for speed here.",Use poles if practiced; high value on steep or technical ground.,low-medium,41.0,"Conservative trail shoe; surface is inferred, so do not optimize for speed here."
61,61.0,62.0,ŽIROVNICA->ZAVRŠNICA,ŽIROVNICA->ZAVRŠNICA:100%,rooty forest singletrack,rooty forest singletrack:55%; gravel path:26%; smooth forest singletrack:19%,0.0,25.5,74.5,0.0,0.0,0.0,68.0,107.2,raw_gpx_edge_sum_not_official_reconciled,28.0,78.2,medium-high,,V007;V008,S001;S002;S014;S015,high,medium,standard carried-light readiness,slow technical descents and prioritize grip over pace,Trail shoe with versatile lugs; roots/grass/mud risk can dominate pace.,Use poles if practiced; high value on steep or technical ground.,low,20.0,Trail shoe with versatile lugs; roots/grass/mud risk can dominate pace.
62,62.0,63.0,ŽIROVNICA->ZAVRŠNICA,ŽIROVNICA->ZAVRŠNICA:100%,gravel road,gravel road:55%; inferred forest singletrack:20%; asphalt road:16%; forest road / cart track:8%,15.6,64.1,0.0,20.3,20.3,0.0,70.5,9.8,raw_gpx_edge_sum_not_official_reconciled,16.6,26.3,medium,,V007;V008,S001;S002;S014;S015,medium,medium,standard carried-light readiness,normal wet-road caution; keep outsole confidence,Stable trail shoe for gravel/track camber; avoid tall unstable road-stack feel.,Optional poles; useful if wet/fatigued.,low-medium,35.1,Stable trail shoe for gravel/track camber; avoid tall unstable road-stack feel.
63,63.0,64.0,ŽIROVNICA->ZAVRŠNICA,ŽIROVNICA->ZAVRŠNICA:100%,muddy/leaf-litter risk,muddy/leaf-litter risk:59%; forest road / cart track:41%,0.0,41.1,58.9,0.0,0.0,0.0,193.4,0.0,raw_gpx_edge_sum_not_official_reconciled,38.1,73.1,medium-high,,V007;V008,S001;S002;S014;S015,high,medium,standard carried-light readiness,slow technical descents and prioritize grip over pace,Trail shoe with versatile lugs; roots/grass/mud risk can dominate pace.,Use poles if practiced; high value on steep or technical ground.,low,20.0,Trail shoe with versatile lugs; roots/grass/mud risk can dominate pace.
64,64.0,65.0,ŽIROVNICA->ZAVRŠNICA,ŽIROVNICA->ZAVRŠNICA:100%,muddy/leaf-litter risk,muddy/leaf-litter risk:100%,0.0,0.0,100.0,0.0,0.0,0.0,193.6,4.0,raw_gpx_edge_sum_not_official_reconciled,32.1,86.2,medium-high,,V007;V008,S001;S002;S014;S015,high,medium,standard carried-light readiness,slow technical descents and prioritize grip over pace,Trail shoe with versatile lugs; roots/grass/mud risk can dominate pace.,Use poles if practiced; high value on steep or technical ground.,low,20.0,Trail shoe with versatile lugs; roots/grass/mud risk can dominate pace.
65,65.0,66.0,ŽIROVNICA->ZAVRŠNICA,ŽIROVNICA->ZAVRŠNICA:100%,gravel path,gravel path:57%; muddy/leaf-litter risk:32%; smooth forest singletrack:11%,0.0,57.2,42.8,0.0,0.0,0.0,133.5,16.4,raw_gpx_edge_sum_not_official_reconciled,27.7,73.1,medium-high,,V007;V008,S001;S002;S014;S015,high,medium,standard carried-light readiness,slow technical descents and prioritize grip over pace,Stable trail shoe for gravel/track camber; avoid tall unstable road-stack feel.,Use poles if practiced; high value on steep or technical ground.,low,20.0,Stable trail shoe for gravel/track camber; avoid tall unstable road-stack feel.
66,66.0,67.0,ŽIROVNICA->ZAVRŠNICA,ŽIROVNICA->ZAVRŠNICA:100%,muddy/leaf-litter risk,muddy/leaf-litter risk:68%; gravel path:14%; smooth forest singletrack:14%; rooty forest singletrack:5%,0.0,13.7,86.3,0.0,0.0,0.0,35.2,21.6,raw_gpx_edge_sum_not_official_reconciled,16.2,25.2,medium-high,,V007;V008,S001;S002;S014;S015,high,medium,standard carried-light readiness,slow technical descents and prioritize grip over pace,Trail shoe with versatile lugs; roots/grass/mud risk can dominate pace.,Optional poles; useful if wet/fatigued.,low,20.0,Trail shoe with versatile lugs; roots/grass/mud risk can dominate pace.
67,67.0,68.0,ŽIROVNICA->ZAVRŠNICA,ŽIROVNICA->ZAVRŠNICA:100%,muddy/leaf-litter risk,muddy/leaf-litter risk:76%; gravel road:24%,0.0,24.1,75.9,0.0,0.0,0.0,34.8,22.8,raw_gpx_edge_sum_not_official_reconciled,18.9,53.8,medium-high,,V007;V008,S001;S002;S014;S015,high,medium,standard carried-light readiness,slow technical descents and prioritize grip over pace,Trail shoe with versatile lugs; roots/grass/mud risk can dominate pace.,Use poles if practiced; high value on steep or technical ground.,low,20.0,Trail shoe with versatile lugs; roots/grass/mud risk can dominate pace.
68,68.0,69.0,ŽIROVNICA->ZAVRŠNICA,ŽIROVNICA->ZAVRŠNICA:100%,smooth forest singletrack,smooth forest singletrack:75%; rooty forest singletrack:24%; muddy/leaf-litter risk:0%,0.0,0.0,100.0,0.0,0.0,0.0,35.0,37.5,raw_gpx_edge_sum_not_official_reconciled,13.7,38.8,medium-high,,V007;V008,S001;S002;S014;S015,high,medium,standard carried-light readiness,slow technical descents and prioritize grip over pace,Trail shoe with versatile lugs; roots/grass/mud risk can dominate pace.,Optional poles; useful if wet/fatigued.,low,20.0,Trail shoe with versatile lugs; roots/grass/mud risk can dominate pace.
69,69.0,70.0,ŽIROVNICA->ZAVRŠNICA,ŽIROVNICA->ZAVRŠNICA:100%,smooth forest singletrack,smooth forest singletrack:72%; rooty forest singletrack:28%,0.0,0.0,100.0,0.0,0.0,0.0,19.0,96.8,raw_gpx_edge_sum_not_official_reconciled,21.5,69.3,medium-high,,V007;V008,S001;S002;S014;S015,high,medium,standard carried-light readiness,slow technical descents and prioritize grip over pace,Trail shoe with versatile lugs; roots/grass/mud risk can dominate pace.,Use poles if practiced; high value on steep or technical ground.,low,20.0,Trail shoe with versatile lugs; roots/grass/mud risk can dominate pace.
70,70.0,71.0,ŽIROVNICA->ZAVRŠNICA,ŽIROVNICA->ZAVRŠNICA:100%,smooth forest singletrack,smooth forest singletrack:39%; gravel road:32%; rooty forest singletrack:17%; inferred forest singletrack:11%,0.0,32.0,56.6,11.4,11.4,0.0,86.2,68.8,raw_gpx_edge_sum_not_official_reconciled,27.7,69.3,medium-high,,V007;V008,S001;S002;S014;S015,high,medium,standard carried-light readiness,slow technical descents and prioritize grip over pace,Trail shoe with versatile lugs; roots/grass/mud risk can dominate pace.,Use poles if practiced; high value on steep or technical ground.,low-medium,25.7,Trail shoe with versatile lugs; roots/grass/mud risk can dominate pace.
71,71.0,72.0,ŽIROVNICA->ZAVRŠNICA,ŽIROVNICA->ZAVRŠNICA:100%,gravel road,gravel road:90%; forest road / cart track:10%,0.0,100.0,0.0,0.0,0.0,0.0,189.6,0.0,raw_gpx_edge_sum_not_official_reconciled,30.4,62.9,medium-high,,V007;V008,S001;S002;S014;S015,medium,medium,standard carried-light readiness,normal wet-road caution; keep outsole confidence,Stable trail shoe for gravel/track camber; avoid tall unstable road-stack feel.,Use poles if practiced; high value on steep or technical ground.,low,20.0,Stable trail shoe for gravel/track camber; avoid tall unstable road-stack feel.
72,72.0,73.0,ZAVRŠNICA->KOČA NA STOLU,ZAVRŠNICA->KOČA NA STOLU:51%; ŽIROVNICA->ZAVRŠNICA:49%,forest road / cart track,forest road / cart track:70%; high alpine ridge trail:24%; coarse rocky wash / eroded track:6%,0.0,70.0,30.0,0.0,0.0,0.0,185.6,0.0,raw_gpx_edge_sum_not_official_reconciled,27.5,48.9,medium-high,,V007;V008;V009,S001;S002;S014;S015;S016,high,medium,standard carried-light readiness,slow technical descents and prioritize grip over pace,Stable trail shoe for gravel/track camber; avoid tall unstable road-stack feel.,Use poles if practiced; high value on steep or technical ground.,low,20.0,Stable trail shoe for gravel/track camber; avoid tall unstable road-stack feel.
73,73.0,74.0,ZAVRŠNICA->KOČA NA STOLU,ZAVRŠNICA->KOČA NA STOLU:100%,high alpine ridge trail,high alpine ridge trail:74%; inferred alpine/open trail:16%; grassy alpine trail:10%,0.0,0.0,84.0,16.0,30.4,0.0,151.5,79.0,raw_gpx_edge_sum_not_official_reconciled,32.8,78.2,medium-high,,V007;V008;V009,S001;S002;S014;S015;S016,high,medium,standard carried-light readiness,slow technical descents and prioritize grip over pace,"Technical-footing choice: grip, toe protection, edging stability, and lockdown.",Use poles if practiced; high value on steep or technical ground.,low-medium,28.0,"Technical-footing choice: grip, toe protection, edging stability, and lockdown."
74,74.0,75.0,ZAVRŠNICA->KOČA NA STOLU,ZAVRŠNICA->KOČA NA STOLU:100%,grassy alpine trail,grassy alpine trail:75%; high alpine ridge trail:25%,0.0,0.0,100.0,0.0,0.0,0.0,78.5,29.2,raw_gpx_edge_sum_not_official_reconciled,20.1,48.7,medium-high,,V007;V008;V009,S001;S002;S014;S015;S016,high,medium,standard carried-light readiness,slow technical descents and prioritize grip over pace,Trail shoe with versatile lugs; roots/grass/mud risk can dominate pace.,Use poles if practiced; high value on steep or technical ground.,low,20.0,Trail shoe with versatile lugs; roots/grass/mud risk can dominate pace.
75,75.0,76.0,ZAVRŠNICA->KOČA NA STOLU,ZAVRŠNICA->KOČA NA STOLU:100%,high alpine ridge trail,high alpine ridge trail:54%; grassy alpine trail:23%; gravel path:23%,0.0,22.8,77.2,0.0,0.0,0.0,198.1,0.8,raw_gpx_edge_sum_not_official_reconciled,30.8,62.6,medium-high,,V007;V008;V009,S001;S002;S014;S015;S016,high,medium,standard carried-light readiness,slow technical descents and prioritize grip over pace,"Technical-footing choice: grip, toe protection, edging stability, and lockdown.",Use poles if practiced; high value on steep or technical ground.,low,20.0,"Technical-footing choice: grip, toe protection, edging stability, and lockdown."
76,76.0,77.0,ZAVRŠNICA->KOČA NA STOLU,ZAVRŠNICA->KOČA NA STOLU:100%,gravel path,gravel path:100%,0.0,100.0,0.0,0.0,0.0,0.0,283.5,0.0,raw_gpx_edge_sum_not_official_reconciled,43.0,98.5,medium-high,,V007;V008;V009,S001;S002;S014;S015;S016,unknown,medium,standard carried-light readiness,normal wet-road caution; keep outsole confidence,Stable trail shoe for gravel/track camber; avoid tall unstable road-stack feel.,Use poles if practiced; high value on steep or technical ground.,low,20.0,Stable trail shoe for gravel/track camber; avoid tall unstable road-stack feel.
77,77.0,78.0,KOČA NA STOLU->SEDLO SUHA,KOČA NA STOLU->SEDLO SUHA:61%; ZAVRŠNICA->KOČA NA STOLU:39%,gravel path,gravel path:76%; grassy alpine trail:10%; high alpine ridge trail:8%; inferred alpine/open trail:6%,0.0,76.4,17.6,6.0,6.0,0.0,27.9,154.5,raw_gpx_edge_sum_not_official_reconciled,32.1,58.5,medium-high,,V007;V008;V009,S001;S002;S014;S015;S016,high,medium,standard carried-light readiness,slow technical descents and prioritize grip over pace,Stable trail shoe for gravel/track camber; avoid tall unstable road-stack feel.,Use poles if practiced; high value on steep or technical ground.,low,23.0,Stable trail shoe for gravel/track camber; avoid tall unstable road-stack feel.
78,78.0,79.0,KOČA NA STOLU->SEDLO SUHA,KOČA NA STOLU->SEDLO SUHA:100%,gravel path,gravel path:100%,0.0,100.0,0.0,0.0,0.0,0.0,16.7,88.8,raw_gpx_edge_sum_not_official_reconciled,25.7,62.7,medium-high,,V009,S001;S002;S014;S016,unknown,medium,standard carried-light readiness,normal wet-road caution; keep outsole confidence,Stable trail shoe for gravel/track camber; avoid tall unstable road-stack feel.,Use poles if practiced; high value on steep or technical ground.,low,20.0,Stable trail shoe for gravel/track camber; avoid tall unstable road-stack feel.
79,79.0,80.0,KOČA NA STOLU->SEDLO SUHA,KOČA NA STOLU->SEDLO SUHA:100%,gravel path,gravel path:100%,0.0,100.0,0.0,0.0,0.0,0.0,54.3,53.4,raw_gpx_edge_sum_not_official_reconciled,29.1,62.7,medium-high,,V009,S001;S002;S014;S016,unknown,medium,standard carried-light readiness,normal wet-road caution; keep outsole confidence,Stable trail shoe for gravel/track camber; avoid tall unstable road-stack feel.,Use poles if practiced; high value on steep or technical ground.,low,20.0,Stable trail shoe for gravel/track camber; avoid tall unstable road-stack feel.
80,80.0,81.0,KOČA NA STOLU->SEDLO SUHA,KOČA NA STOLU->SEDLO SUHA:100%,gravel path,gravel path:100%,0.0,100.0,0.0,0.0,0.0,0.0,2.0,34.3,raw_gpx_edge_sum_not_official_reconciled,7.5,27.6,medium-high,,V009,S001;S002;S014;S016,unknown,medium,standard carried-light readiness,normal wet-road caution; keep outsole confidence,Stable trail shoe for gravel/track camber; avoid tall unstable road-stack feel.,Optional poles; useful if wet/fatigued.,low,20.0,Stable trail shoe for gravel/track camber; avoid tall unstable road-stack feel.
81,81.0,82.0,KOČA NA STOLU->SEDLO SUHA,KOČA NA STOLU->SEDLO SUHA:100%,gravel path,gravel path:100%,0.0,100.0,0.0,0.0,0.0,0.0,1.0,78.0,raw_gpx_edge_sum_not_official_reconciled,15.7,31.7,medium-high,,V009,S001;S002;S014;S016,unknown,medium,standard carried-light readiness,normal wet-road caution; keep outsole confidence,Stable trail shoe for gravel/track camber; avoid tall unstable road-stack feel.,Optional poles; useful if wet/fatigued.,low,20.0,Stable trail shoe for gravel/track camber; avoid tall unstable road-stack feel.
82,82.0,83.0,KOČA NA STOLU->SEDLO SUHA,KOČA NA STOLU->SEDLO SUHA:100%,gravel path,gravel path:100%,0.0,100.0,0.0,0.0,0.0,0.0,5.0,133.6,raw_gpx_edge_sum_not_official_reconciled,24.3,68.0,medium-high,,V009,S001;S002;S014;S016,unknown,medium,standard carried-light readiness,normal wet-road caution; keep outsole confidence,Stable trail shoe for gravel/track camber; avoid tall unstable road-stack feel.,Use poles if practiced; high value on steep or technical ground.,low,20.0,Stable trail shoe for gravel/track camber; avoid tall unstable road-stack feel.
83,83.0,84.0,KOČA NA STOLU->SEDLO SUHA,KOČA NA STOLU->SEDLO SUHA:100%,gravel path,gravel path:37%; grassy alpine trail:26%; gravel road:22%; high alpine ridge trail:15%,0.0,59.0,41.0,0.0,0.0,0.0,42.0,45.7,raw_gpx_edge_sum_not_official_reconciled,18.1,62.5,medium-high,,V009,S001;S002;S014;S016,high,medium,standard carried-light readiness,slow technical descents and prioritize grip over pace,Stable trail shoe for gravel/track camber; avoid tall unstable road-stack feel.,Use poles if practiced; high value on steep or technical ground.,low,20.0,Stable trail shoe for gravel/track camber; avoid tall unstable road-stack feel.
84,84.0,85.0,KOČA NA STOLU->SEDLO SUHA,KOČA NA STOLU->SEDLO SUHA:100%,gravel road,gravel road:100%,0.0,100.0,0.0,0.0,0.0,0.0,40.6,11.6,raw_gpx_edge_sum_not_official_reconciled,15.1,22.3,medium-high,,V009,S001;S002;S014;S016,medium,medium,standard carried-light readiness,normal wet-road caution; keep outsole confidence,Stable trail shoe for gravel/track camber; avoid tall unstable road-stack feel.,Optional poles; useful if wet/fatigued.,low,20.0,Stable trail shoe for gravel/track camber; avoid tall unstable road-stack feel.
85,85.0,86.0,KOČA NA STOLU->SEDLO SUHA,KOČA NA STOLU->SEDLO SUHA:100%,gravel road,gravel road:84%; inferred alpine/open trail:16%,0.0,84.2,0.0,15.8,15.8,0.0,2.4,57.0,raw_gpx_edge_sum_not_official_reconciled,14.2,25.8,medium-high,,V009,S001;S002;S014;S016,medium,medium,standard carried-light readiness,normal wet-road caution; keep outsole confidence,Stable trail shoe for gravel/track camber; avoid tall unstable road-stack feel.,Optional poles; useful if wet/fatigued.,low-medium,27.9,Stable trail shoe for gravel/track camber; avoid tall unstable road-stack feel.
86,86.0,87.0,KOČA NA STOLU->SEDLO SUHA,KOČA NA STOLU->SEDLO SUHA:100%,inferred alpine/open trail,inferred alpine/open trail:88%; high alpine ridge trail:12%,0.0,0.0,11.8,88.2,100.0,0.0,1.2,79.8,raw_gpx_edge_sum_not_official_reconciled,23.5,45.1,low-medium,,V009,S001;S002;S014;S016,high,medium,standard carried-light readiness,slow technical descents and prioritize grip over pace,"Conservative trail shoe; surface is inferred, so do not optimize for speed here.",Use poles if practiced; high value on steep or technical ground.,low-medium,74.1,"Conservative trail shoe; surface is inferred, so do not optimize for speed here."
87,87.0,88.0,KOČA NA STOLU->SEDLO SUHA,KOČA NA STOLU->SEDLO SUHA:100%,inferred alpine/open trail,inferred alpine/open trail:69%; high alpine ridge trail:31%,0.0,0.0,30.9,69.1,100.0,0.0,0.8,120.6,raw_gpx_edge_sum_not_official_reconciled,23.7,58.8,low-medium,,V009,S001;S002;S014;S016,high,medium,standard carried-light readiness,slow technical descents and prioritize grip over pace,"Conservative trail shoe; surface is inferred, so do not optimize for speed here.",Use poles if practiced; high value on steep or technical ground.,low-medium,64.5,"Conservative trail shoe; surface is inferred, so do not optimize for speed here."
88,88.0,89.0,KOČA NA STOLU->SEDLO SUHA,KOČA NA STOLU->SEDLO SUHA:100%,inferred alpine/open trail,inferred alpine/open trail:81%; high alpine ridge trail:19%,0.0,0.0,18.7,81.3,100.0,0.0,44.0,33.5,raw_gpx_edge_sum_not_official_reconciled,16.4,32.2,low-medium,,V009,S001;S002;S014;S016,high,medium,standard carried-light readiness,slow technical descents and prioritize grip over pace,"Conservative trail shoe; surface is inferred, so do not optimize for speed here.",Optional poles; useful if wet/fatigued.,low-medium,70.7,"Conservative trail shoe; surface is inferred, so do not optimize for speed here."
89,89.0,90.0,KOČA NA STOLU->SEDLO SUHA,KOČA NA STOLU->SEDLO SUHA:52%; SEDLO SUHA->DOVJE:48%,high alpine ridge trail,high alpine ridge trail:48%; inferred alpine/open trail:46%; grassy alpine trail:6%,0.0,0.0,54.3,45.7,57.7,0.0,125.7,54.2,raw_gpx_edge_sum_not_official_reconciled,26.1,48.3,low-medium,,V009,S001;S002;S014;S016,high,medium,standard carried-light readiness,slow technical descents and prioritize grip over pace,"Conservative trail shoe; surface is inferred, so do not optimize for speed here.",Use poles if practiced; high value on steep or technical ground.,low-medium,52.8,"Conservative trail shoe; surface is inferred, so do not optimize for speed here."
90,90.0,91.0,SEDLO SUHA->DOVJE,SEDLO SUHA->DOVJE:100%,grassy alpine trail,grassy alpine trail:50%; high alpine ridge trail:49%; rooty forest singletrack:0%,0.0,0.0,100.0,0.0,0.0,0.0,201.3,8.3,raw_gpx_edge_sum_not_official_reconciled,30.9,72.6,medium,,,S001;S002,high,medium,standard carried-light readiness,slow technical descents and prioritize grip over pace,Trail shoe with versatile lugs; roots/grass/mud risk can dominate pace.,Use poles if practiced; high value on steep or technical ground.,low,40.0,Trail shoe with versatile lugs; roots/grass/mud risk can dominate pace.
91,91.0,92.0,SEDLO SUHA->DOVJE,SEDLO SUHA->DOVJE:100%,inferred forest singletrack,inferred forest singletrack:31%; inferred alpine/open trail:25%; rooty forest singletrack:17%; smooth forest singletrack:16%,0.0,0.0,43.8,56.2,67.3,0.0,90.0,37.6,raw_gpx_edge_sum_not_official_reconciled,19.8,36.7,low-medium,,,S001;S002,high,medium,standard carried-light readiness,slow technical descents and prioritize grip over pace,"Conservative trail shoe; surface is inferred, so do not optimize for speed here.",Use poles if practiced; high value on steep or technical ground.,low-medium,73.1,"Conservative trail shoe; surface is inferred, so do not optimize for speed here."
92,92.0,93.0,SEDLO SUHA->DOVJE,SEDLO SUHA->DOVJE:100%,inferred forest singletrack,inferred forest singletrack:97%; inferred alpine/open trail:3%,0.0,0.0,0.0,100.0,100.0,0.0,0.0,240.9,raw_gpx_edge_sum_not_official_reconciled,34.7,65.2,low-medium,,,S001;S002,unknown,medium,standard carried-light readiness,normal wet-road caution; keep outsole confidence,"Conservative trail shoe; surface is inferred, so do not optimize for speed here.",Use poles if practiced; high value on steep or technical ground.,low-medium,95.0,"Conservative trail shoe; surface is inferred, so do not optimize for speed here."
93,93.0,94.0,SEDLO SUHA->DOVJE,SEDLO SUHA->DOVJE:100%,inferred forest singletrack,inferred forest singletrack:100%,0.0,0.0,0.0,100.0,100.0,0.0,88.6,90.2,raw_gpx_edge_sum_not_official_reconciled,27.8,46.9,low-medium,,,S001;S002,unknown,medium,standard carried-light readiness,normal wet-road caution; keep outsole confidence,"Conservative trail shoe; surface is inferred, so do not optimize for speed here.",Use poles if practiced; high value on steep or technical ground.,low-medium,95.0,"Conservative trail shoe; surface is inferred, so do not optimize for speed here."
94,94.0,95.0,SEDLO SUHA->DOVJE,SEDLO SUHA->DOVJE:100%,inferred forest singletrack,inferred forest singletrack:100%,0.0,0.0,0.0,100.0,100.0,0.0,54.9,41.0,raw_gpx_edge_sum_not_official_reconciled,22.7,48.4,low-medium,,,S001;S002,unknown,medium,standard carried-light readiness,normal wet-road caution; keep outsole confidence,"Conservative trail shoe; surface is inferred, so do not optimize for speed here.",Use poles if practiced; high value on steep or technical ground.,low-medium,95.0,"Conservative trail shoe; surface is inferred, so do not optimize for speed here."
95,95.0,96.0,SEDLO SUHA->DOVJE,SEDLO SUHA->DOVJE:100%,inferred forest singletrack,inferred forest singletrack:66%; gravel path:34%,0.0,34.4,0.0,65.6,65.6,0.0,5.5,132.5,raw_gpx_edge_sum_not_official_reconciled,23.0,56.0,low-medium,,,S001;S002,unknown,medium,standard carried-light readiness,normal wet-road caution; keep outsole confidence,"Conservative trail shoe; surface is inferred, so do not optimize for speed here.",Use poles if practiced; high value on steep or technical ground.,low-medium,77.8,"Conservative trail shoe; surface is inferred, so do not optimize for speed here."
96,96.0,97.0,SEDLO SUHA->DOVJE,SEDLO SUHA->DOVJE:100%,inferred forest singletrack,inferred forest singletrack:64%; gravel road:36%,0.0,35.7,0.0,64.3,64.3,0.0,2.0,94.7,raw_gpx_edge_sum_not_official_reconciled,17.4,41.8,low-medium,,,S001;S002,medium,medium,standard carried-light readiness,normal wet-road caution; keep outsole confidence,"Conservative trail shoe; surface is inferred, so do not optimize for speed here.",Optional poles; useful if wet/fatigued.,low-medium,77.2,"Conservative trail shoe; surface is inferred, so do not optimize for speed here."
97,97.0,98.0,SEDLO SUHA->DOVJE,SEDLO SUHA->DOVJE:100%,gravel road,gravel road:100%,0.0,100.0,0.0,0.0,0.0,0.0,2.0,179.7,raw_gpx_edge_sum_not_official_reconciled,28.4,62.5,medium-high,,,S001;S002,medium,medium,standard carried-light readiness,normal wet-road caution; keep outsole confidence,Stable trail shoe for gravel/track camber; avoid tall unstable road-stack feel.,Use poles if practiced; high value on steep or technical ground.,low,35.0,Stable trail shoe for gravel/track camber; avoid tall unstable road-stack feel.
98,98.0,99.0,SEDLO SUHA->DOVJE,SEDLO SUHA->DOVJE:100%,gravel road,gravel road:100%,0.0,100.0,0.0,0.0,0.0,0.0,68.2,18.0,raw_gpx_edge_sum_not_official_reconciled,20.7,27.0,medium-high,,,S001;S002,medium,medium,standard carried-light readiness,normal wet-road caution; keep outsole confidence,Stable trail shoe for gravel/track camber; avoid tall unstable road-stack feel.,Use poles if practiced; high value on steep or technical ground.,low,35.0,Stable trail shoe for gravel/track camber; avoid tall unstable road-stack feel.
99,99.0,100.0,SEDLO SUHA->DOVJE,SEDLO SUHA->DOVJE:100%,gravel road,gravel road:100%,0.0,100.0,0.0,0.0,0.0,0.0,12.8,45.1,raw_gpx_edge_sum_not_official_reconciled,21.6,33.0,medium-high,,,S001;S002,medium,medium,standard carried-light readiness,normal wet-road caution; keep outsole confidence,Stable trail shoe for gravel/track camber; avoid tall unstable road-stack feel.,Use poles if practiced; high value on steep or technical ground.,low,35.0,Stable trail shoe for gravel/track camber; avoid tall unstable road-stack feel.
100,100.0,101.0,SEDLO SUHA->DOVJE,SEDLO SUHA->DOVJE:100%,gravel road,gravel road:100%,0.0,100.0,0.0,0.0,0.0,0.0,0.0,108.7,raw_gpx_edge_sum_not_official_reconciled,23.1,38.7,medium-high,,,S001;S002,medium,medium,standard carried-light readiness,normal wet-road caution; keep outsole confidence,Stable trail shoe for gravel/track camber; avoid tall unstable road-stack feel.,Use poles if practiced; high value on steep or technical ground.,low,35.0,Stable trail shoe for gravel/track camber; avoid tall unstable road-stack feel.
101,101.0,102.0,SEDLO SUHA->DOVJE,SEDLO SUHA->DOVJE:100%,gravel road,gravel road:100%,0.0,100.0,0.0,0.0,0.0,0.0,0.0,64.2,raw_gpx_edge_sum_not_official_reconciled,18.3,26.3,medium-high,,,S001;S002,medium,medium,standard carried-light readiness,normal wet-road caution; keep outsole confidence,Stable trail shoe for gravel/track camber; avoid tall unstable road-stack feel.,Use poles if practiced; high value on steep or technical ground.,low,35.0,Stable trail shoe for gravel/track camber; avoid tall unstable road-stack feel.
102,102.0,103.0,SEDLO SUHA->DOVJE,SEDLO SUHA->DOVJE:100%,gravel road,gravel road:100%,0.0,100.0,0.0,0.0,0.0,0.0,0.0,88.6,raw_gpx_edge_sum_not_official_reconciled,23.2,47.2,medium-high,,,S001;S002,medium,medium,standard carried-light readiness,normal wet-road caution; keep outsole confidence,Stable trail shoe for gravel/track camber; avoid tall unstable road-stack feel.,Use poles if practiced; high value on steep or technical ground.,low,35.0,Stable trail shoe for gravel/track camber; avoid tall unstable road-stack feel.
103,103.0,104.0,SEDLO SUHA->DOVJE,SEDLO SUHA->DOVJE:100%,gravel road,gravel road:100%,0.0,100.0,0.0,0.0,0.0,0.0,0.0,100.1,raw_gpx_edge_sum_not_official_reconciled,21.7,47.2,medium-high,,,S001;S002,medium,medium,standard carried-light readiness,normal wet-road caution; keep outsole confidence,Stable trail shoe for gravel/track camber; avoid tall unstable road-stack feel.,Use poles if practiced; high value on steep or technical ground.,low,35.0,Stable trail shoe for gravel/track camber; avoid tall unstable road-stack feel.
104,104.0,105.0,SEDLO SUHA->DOVJE,SEDLO SUHA->DOVJE:100%,gravel road,gravel road:100%,0.0,100.0,0.0,0.0,0.0,0.0,2.4,80.7,raw_gpx_edge_sum_not_official_reconciled,18.1,28.6,medium-high,,,S001;S002,medium,medium,standard carried-light readiness,normal wet-road caution; keep outsole confidence,Stable trail shoe for gravel/track camber; avoid tall unstable road-stack feel.,Use poles if practiced; high value on steep or technical ground.,low,35.0,Stable trail shoe for gravel/track camber; avoid tall unstable road-stack feel.
105,105.0,106.0,SEDLO SUHA->DOVJE,SEDLO SUHA->DOVJE:100%,asphalt road,asphalt road:87%; gravel road:13%,87.3,12.7,0.0,0.0,0.0,0.0,11.6,58.0,raw_gpx_edge_sum_not_official_reconciled,16.1,32.3,medium-high,,,S001;S002,medium,medium,standard carried-light readiness,normal wet-road caution; keep outsole confidence,"Runnable/hard-surface biased; cushioning useful, but keep wet-rubber outsole.",Stow poles unless immediately climbing.,low,35.0,"Runnable/hard-surface biased; cushioning useful, but keep wet-rubber outsole."
106,106.0,107.0,DOVJE->GOZD MARTULJEK,DOVJE->GOZD MARTULJEK:79%; SEDLO SUHA->DOVJE:21%,inferred road surface unknown,inferred road surface unknown:56%; inferred forest singletrack:21%; gravel road:13%; asphalt road:10%,10.3,12.7,0.0,77.0,77.0,0.0,67.3,13.7,raw_gpx_edge_sum_not_official_reconciled,16.5,40.0,low-medium,,,S001;S002,medium,medium-high,main lamp active; spare immediately accessible,normal wet-road caution; keep outsole confidence,"Conservative trail shoe; surface is inferred, so do not optimize for speed here.",Optional poles; useful if wet/fatigued.,low-medium,83.5,"Conservative trail shoe; surface is inferred, so do not optimize for speed here."
107,107.0,108.0,DOVJE->GOZD MARTULJEK,DOVJE->GOZD MARTULJEK:100%,gravel path,gravel path:76%; gravel road:15%; inferred forest singletrack:9%,0.0,91.2,0.0,8.8,8.8,0.0,48.7,23.2,raw_gpx_edge_sum_not_official_reconciled,20.4,40.0,medium-high,,,S001;S002,medium,medium-high,main lamp active; spare immediately accessible,normal wet-road caution; keep outsole confidence,Stable trail shoe for gravel/track camber; avoid tall unstable road-stack feel.,Use poles if practiced; high value on steep or technical ground.,low,39.4,Stable trail shoe for gravel/track camber; avoid tall unstable road-stack feel.
108,108.0,109.0,DOVJE->GOZD MARTULJEK,DOVJE->GOZD MARTULJEK:100%,gravel road,gravel road:70%; smooth forest singletrack:21%; gravel path:9%,0.0,79.0,21.0,0.0,0.0,0.0,60.7,87.2,raw_gpx_edge_sum_not_official_reconciled,27.1,56.1,medium-high,,,S001;S002,medium,medium-high,main lamp active; spare immediately accessible,normal wet-road caution; keep outsole confidence,Stable trail shoe for gravel/track camber; avoid tall unstable road-stack feel.,Use poles if practiced; high value on steep or technical ground.,low,35.0,Stable trail shoe for gravel/track camber; avoid tall unstable road-stack feel.
109,109.0,110.0,DOVJE->GOZD MARTULJEK,DOVJE->GOZD MARTULJEK:100%,smooth forest singletrack,smooth forest singletrack:83%; rooty forest singletrack:9%; gravel road:8%,0.0,7.5,92.5,0.0,0.0,0.0,19.3,63.2,raw_gpx_edge_sum_not_official_reconciled,17.0,90.6,medium-high,,,S001;S002,high,high,main lamp active; spare immediately accessible,slow technical descents and prioritize grip over pace,Trail shoe with versatile lugs; roots/grass/mud risk can dominate pace.,Optional poles; useful if wet/fatigued.,low,35.0,Trail shoe with versatile lugs; roots/grass/mud risk can dominate pace.
110,110.0,111.0,DOVJE->GOZD MARTULJEK,DOVJE->GOZD MARTULJEK:100%,inferred road surface unknown,inferred road surface unknown:53%; gravel road:15%; asphalt road:13%; smooth forest singletrack:10%,21.9,14.9,9.7,53.5,53.5,0.0,0.7,38.4,raw_gpx_edge_sum_not_official_reconciled,9.1,38.7,low-medium,,,S001;S002,medium,medium-high,main lamp active; spare immediately accessible,normal wet-road caution; keep outsole confidence,"Conservative trail shoe; surface is inferred, so do not optimize for speed here.",Optional poles; useful if wet/fatigued.,low-medium,71.7,"Conservative trail shoe; surface is inferred, so do not optimize for speed here."
111,111.0,112.0,DOVJE->GOZD MARTULJEK,DOVJE->GOZD MARTULJEK:100%,smooth forest singletrack,smooth forest singletrack:71%; inferred road surface unknown:23%; paved pedestrian/cycleway:6%,6.2,0.0,70.9,22.9,22.9,0.0,16.2,7.0,raw_gpx_edge_sum_not_official_reconciled,9.0,64.4,medium-high,,,S001;S002,low-medium,medium-high,main lamp active; spare immediately accessible,normal wet-road caution; keep outsole confidence,Trail shoe with versatile lugs; roots/grass/mud risk can dominate pace.,Optional poles; useful if wet/fatigued.,low-medium,46.4,Trail shoe with versatile lugs; roots/grass/mud risk can dominate pace.
112,112.0,113.0,DOVJE->GOZD MARTULJEK,DOVJE->GOZD MARTULJEK:100%,paved pedestrian/cycleway,paved pedestrian/cycleway:91%; smooth forest singletrack:9%,90.9,0.0,9.1,0.0,0.0,0.0,13.9,5.0,raw_gpx_edge_sum_not_official_reconciled,6.0,12.9,medium-high,,,S001;S002,low-medium,medium-high,main lamp active; spare immediately accessible,normal wet-road caution; keep outsole confidence,"Runnable/hard-surface biased; cushioning useful, but keep wet-rubber outsole.",Stow poles unless immediately climbing.,low,35.0,"Runnable/hard-surface biased; cushioning useful, but keep wet-rubber outsole."
113,113.0,114.0,DOVJE->GOZD MARTULJEK,DOVJE->GOZD MARTULJEK:100%,paved pedestrian/cycleway,paved pedestrian/cycleway:100%,100.0,0.0,0.0,0.0,0.0,0.0,20.3,4.0,raw_gpx_edge_sum_not_official_reconciled,9.6,11.9,medium-high,,,S001;S002,low-medium,medium-high,main lamp active; spare immediately accessible,normal wet-road caution; keep outsole confidence,"Runnable/hard-surface biased; cushioning useful, but keep wet-rubber outsole.",Stow poles unless immediately climbing.,low,35.0,"Runnable/hard-surface biased; cushioning useful, but keep wet-rubber outsole."
114,114.0,115.0,DOVJE->GOZD MARTULJEK,DOVJE->GOZD MARTULJEK:100%,paved pedestrian/cycleway,paved pedestrian/cycleway:100%,100.0,0.0,0.0,0.0,0.0,0.0,15.9,9.6,raw_gpx_edge_sum_not_official_reconciled,9.8,24.0,medium-high,,,S001;S002,low-medium,medium-high,main lamp active; spare immediately accessible,normal wet-road caution; keep outsole confidence,"Runnable/hard-surface biased; cushioning useful, but keep wet-rubber outsole.",Stow poles unless immediately climbing.,low,35.0,"Runnable/hard-surface biased; cushioning useful, but keep wet-rubber outsole."
115,115.0,116.0,DOVJE->GOZD MARTULJEK,DOVJE->GOZD MARTULJEK:100%,paved pedestrian/cycleway,paved pedestrian/cycleway:100%,100.0,0.0,0.0,0.0,0.0,0.0,23.1,7.4,raw_gpx_edge_sum_not_official_reconciled,9.4,12.3,medium,,,S001;S002,low-medium,medium-high,main lamp active; spare immediately accessible,normal wet-road caution; keep outsole confidence,"Runnable/hard-surface biased; cushioning useful, but keep wet-rubber outsole.",Stow poles unless immediately climbing.,low,40.0,"Runnable/hard-surface biased; cushioning useful, but keep wet-rubber outsole."
116,116.0,117.0,DOVJE->GOZD MARTULJEK,DOVJE->GOZD MARTULJEK:100%,paved pedestrian/cycleway,paved pedestrian/cycleway:56%; inferred road surface unknown:35%; asphalt road:10%,65.5,0.0,0.0,34.5,34.5,0.0,17.8,6.0,raw_gpx_edge_sum_not_official_reconciled,5.6,15.5,medium,,V006,S001;S002,low-medium,medium-high,main lamp active; spare immediately accessible,normal wet-road caution; keep outsole confidence,"Conservative trail shoe; surface is inferred, so do not optimize for speed here.",Stow poles unless immediately climbing.,low-medium,42.3,"Conservative trail shoe; surface is inferred, so do not optimize for speed here."
117,117.0,118.0,GOZD MARTULJEK->KRANJSKA GORA,GOZD MARTULJEK->KRANJSKA GORA:93%; DOVJE->GOZD MARTULJEK:7%,asphalt road,asphalt road:37%; gravel road:20%; smooth forest singletrack:16%; rooty forest singletrack:15%,36.8,19.9,30.6,12.7,12.7,0.0,119.5,1.0,raw_gpx_edge_sum_not_official_reconciled,23.1,79.9,medium,,V006,S001;S002,high,high,main lamp active; spare immediately accessible,slow technical descents and prioritize grip over pace,Trail shoe with versatile lugs; roots/grass/mud risk can dominate pace.,Use poles if practiced; high value on steep or technical ground.,low-medium,31.3,Trail shoe with versatile lugs; roots/grass/mud risk can dominate pace.
118,118.0,119.0,GOZD MARTULJEK->KRANJSKA GORA,GOZD MARTULJEK->KRANJSKA GORA:100%,asphalt road,asphalt road:100%,100.0,0.0,0.0,0.0,0.0,0.0,99.2,5.0,raw_gpx_edge_sum_not_official_reconciled,25.9,78.2,medium,,V006,S001;S002,low-medium,medium-high,main lamp active; spare immediately accessible,normal wet-road caution; keep outsole confidence,"Runnable/hard-surface biased; cushioning useful, but keep wet-rubber outsole.",Stow poles unless immediately climbing.,low,25.0,"Runnable/hard-surface biased; cushioning useful, but keep wet-rubber outsole."
119,119.0,120.0,GOZD MARTULJEK->KRANJSKA GORA,GOZD MARTULJEK->KRANJSKA GORA:100%,coarse rocky wash / eroded track,coarse rocky wash / eroded track:81%; asphalt road:19%,18.8,0.0,81.2,0.0,0.0,0.0,8.6,81.3,raw_gpx_edge_sum_not_official_reconciled,15.8,40.6,medium-high,,V006,S001;S002,high,high,main lamp active; spare immediately accessible,slow technical descents and prioritize grip over pace,"Technical-footing choice: grip, toe protection, edging stability, and lockdown.",Use poles if practiced; high value on steep or technical ground.,low,20.0,"Technical-footing choice: grip, toe protection, edging stability, and lockdown."
120,120.0,121.0,GOZD MARTULJEK->KRANJSKA GORA,GOZD MARTULJEK->KRANJSKA GORA:100%,gravel road,gravel road:86%; coarse rocky wash / eroded track:9%; rooty forest singletrack:5%,0.0,86.1,13.9,0.0,0.0,0.0,17.0,119.7,raw_gpx_edge_sum_not_official_reconciled,23.8,74.3,medium-high,,V006,S001;S002,high,high,main lamp active; spare immediately accessible,slow technical descents and prioritize grip over pace,Stable trail shoe for gravel/track camber; avoid tall unstable road-stack feel.,Use poles if practiced; high value on steep or technical ground.,low,20.0,Stable trail shoe for gravel/track camber; avoid tall unstable road-stack feel.
121,121.0,122.0,GOZD MARTULJEK->KRANJSKA GORA,GOZD MARTULJEK->KRANJSKA GORA:100%,smooth forest singletrack,smooth forest singletrack:91%; gravel road:6%; rooty forest singletrack:3%,0.0,6.5,93.5,0.0,0.0,0.0,31.9,21.0,raw_gpx_edge_sum_not_official_reconciled,17.1,46.3,medium,,V006,S001;S002,high,high,main lamp active; spare immediately accessible,slow technical descents and prioritize grip over pace,Trail shoe with versatile lugs; roots/grass/mud risk can dominate pace.,Optional poles; useful if wet/fatigued.,low,25.0,Trail shoe with versatile lugs; roots/grass/mud risk can dominate pace.
122,122.0,123.0,GOZD MARTULJEK->KRANJSKA GORA,GOZD MARTULJEK->KRANJSKA GORA:100%,smooth forest singletrack,smooth forest singletrack:61%; asphalt road:31%; gravel road:5%; rooty forest singletrack:4%,30.8,4.5,64.7,0.0,0.0,0.0,20.4,22.0,raw_gpx_edge_sum_not_official_reconciled,11.3,43.0,medium-high,,V006,S001;S002,high,high,main lamp active; spare immediately accessible,slow technical descents and prioritize grip over pace,Trail shoe with versatile lugs; roots/grass/mud risk can dominate pace.,Optional poles; useful if wet/fatigued.,low,20.0,Trail shoe with versatile lugs; roots/grass/mud risk can dominate pace.
123,123.0,124.0,GOZD MARTULJEK->KRANJSKA GORA,GOZD MARTULJEK->KRANJSKA GORA:100%,asphalt road,asphalt road:45%; inferred road surface unknown:29%; paved pedestrian/cycleway:15%; gravel road:12%,59.3,11.9,0.0,28.8,28.8,0.0,13.2,4.0,raw_gpx_edge_sum_not_official_reconciled,5.0,6.1,medium-high,,V006,S001;S002,medium,medium-high,main lamp active; spare immediately accessible,normal wet-road caution; keep outsole confidence,"Conservative trail shoe; surface is inferred, so do not optimize for speed here.",Optional poles; useful if wet/fatigued.,low-medium,34.4,"Conservative trail shoe; surface is inferred, so do not optimize for speed here."
124,124.0,124.5,GOZD MARTULJEK->KRANJSKA GORA,GOZD MARTULJEK->KRANJSKA GORA:100%,asphalt road,asphalt road:59%; cobbles/stairs/urban hard surface:24%; inferred road surface unknown:10%; gravel path:7%,83.0,7.4,0.0,9.6,9.6,0.0,7.1,0.0,raw_gpx_edge_sum_not_official_reconciled,3.4,6.1,medium,,V006,S001;S002,medium,medium-high,main lamp active; spare immediately accessible,normal wet-road caution; keep outsole confidence,"Runnable/hard-surface biased; cushioning useful, but keep wet-rubber outsole.",Optional poles; useful if wet/fatigued.,low,29.8,"Runnable/hard-surface biased; cushioning useful, but keep wet-rubber outsole."
